"seed","suggest"
"брендированные игрушки на заказ","брендированные игрушки на заказ"
"брендированные мягкие игрушки","брендированные мягкие игрушки"
"игрушки с логотипом на заказ","елочная игрушка на заказ с логотипом"
"игрушки с логотипом на заказ","елочные игрушки на заказ с логотипом"
"игрушки с логотипом на заказ","игрушки с логотипом на заказ"
"игрушки с логотипом на заказ","изготовление елочных игрушек на заказ с логотипом"
"изготовление мягких игрушек на заказ","изготовление мягких игрушек на заказ"
"изготовление мягких игрушек на заказ","изготовление мягких игрушек на заказ москва"
"изготовление мягких игрушек на заказ","изготовление мягкой игрушки на заказ"
"изготовление мягких игрушек на заказ","изготовление мягкой игрушки на заказ по фотографии"
"корпоративные мягкие игрушки","корпоративные мягкие игрушки"
"маскот на заказ","маскот на заказ"
"маскот на заказ","маскот промокод на скидку"
"мягкая игрушка с логотипом на заказ","мягкая игрушка с логотипом на заказ"
"мягкие игрушки на заказ москва","мягкие игрушки на заказ москва"
"мягкие игрушки на заказ спб","мягкие игрушки на заказ спб"
"мягкие игрушки с логотипом","мягкие игрушки с логотипом"
"игрушки с логотипом на заказ","мягкие игрушки с логотипом на заказ"
"игрушки с логотипом на заказ","новогодние игрушки с логотипом компании на заказ"
"пошив мягких игрушек на заказ оптом","пошив мягких игрушек на заказ оптом"
"изготовление мягких игрушек на заказ","производство мягких игрушек на заказ"
"изготовление мягких игрушек на заказ","производство мягких игрушек на заказ оптом"
"маскот на заказ","фигурка на заказ"
"маскот на заказ","фигурка на заказ 3d"
"маскот на заказ","фигурка на заказ 3д"
"маскот на заказ","фигурка на заказ аниме"
"маскот на заказ","фигурка на заказ по фото"
"маскот на заказ","фигурка на заказ с лицом по фото"
"корпоративные мягкие игрушки","фирменные мягкие игрушки"
